일시,동대문구,승차총승객수,하차총승객수
20180101,0.368,58590.0,56703.0
20180102,0.614,108956.0,111200.0
20180103,0.576,108759.0,111695.0
20180104,0.542,109524.0,112351.0
20180105,0.602,117646.0,121570.0
20180106,0.522,99403.0,101909.0
20180107,0.478,72049.0,72381.0
20180108,0.528,112422.0,115466.0
20180109,0.488,107949.0,110724.0
20180110,0.406,106237.0,108507.0
20180111,0.346,99933.0,102075.0
20180112,0.318,102296.0,105447.0
20180113,0.296,97596.0,100987.0
20180114,0.414,75128.0,74986.0
20180115,0.52,113714.0,116569.0
20180116,0.63,110841.0,113789.0
20180117,0.59,113542.0,116860.0
20180118,0.638,113302.0,116316.0
20180119,0.634,121472.0,125260.0
20180120,0.486,104045.0,107151.0
20180121,0.448,77036.0,77201.0
20180122,0.396,114195.0,117091.0
20180123,0.386,100376.0,102703.0
20180124,0.302,95006.0,96773.0
20180125,0.306,97937.0,99994.0
20180126,0.29,100357.0,102357.0
20180127,0.278,88754.0,90508.0
20180128,0.294,71150.0,71723.0
20180129,0.366,104709.0,106971.0
20180130,0.288,117301.0,118182.0
20180131,0.338,115066.0,118158.0
20180201,0.43,117427.0,120727.0
20180202,0.47,124089.0,128262.0
20180203,0.312,99353.0,102471.0
20180204,0.244,69020.0,69213.0
20180205,0.362,106089.0,108462.0
20180206,0.342,105803.0,108314.0
20180207,0.43,112444.0,115422.0
20180208,0.476,121558.0,125485.0
20180209,0.48,125234.0,129273.0
20180210,0.4,107324.0,110319.0
20180211,0.28,75513.0,75501.0
20180212,0.46,116329.0,119221.0
20180213,0.52,120221.0,124197.0
20180214,0.55,117049.0,122578.0
20180215,0.332,57232.0,58755.0
20180216,0.244,43388.0,43234.0
20180217,0.298,58718.0,57936.0
20180218,0.368,66592.0,65319.0
20180219,0.628,108543.0,110072.0
20180220,0.74,113465.0,115747.0
20180221,0.664,115445.0,116415.0
20180222,0.614,116149.0,117983.0
20180223,0.466,119854.0,121995.0
20180224,0.624,105922.0,107131.0
20180225,0.588,77540.0,77113.0
20180226,0.828,116329.0,117682.0
20180227,0.756,112500.0,115197.0
20180228,0.354,111199.0,113582.0
20180301,0.474,81846.0,84152.0
20180302,0.75,113559.0,116121.0
20180303,1.04,100710.0,103599.0
20180304,0.446,70110.0,70713.0
20180305,0.746,113744.0,116859.0
20180306,1.032,118933.0,122040.0
20180307,0.938,117932.0,121319.0
20180308,0.688,114750.0,116681.0
20180309,0.998,123397.0,126598.0
20180310,1.004,106775.0,109360.0
20180311,1.018,80338.0,81314.0
20180312,1.244,116564.0,119200.0
20180313,1.462,117488.0,120387.0
20180314,1.838,118623.0,121607.0
20180315,0.6,109563.0,111408.0
20180316,1.414,124979.0,127529.0
20180317,1.326,108657.0,110940.0
20180318,0.922,82827.0,82115.0
20180319,0.848,112186.0,114056.0
20180320,1.094,117320.0,120197.0
20180321,0.724,112134.0,114874.0
20180322,1.274,120209.0,123119.0
20180323,1.368,126579.0,129440.0
20180324,1.168,108814.0,112102.0
20180325,1.036,80143.0,80994.0
20180326,1.242,116635.0,119466.0
20180327,1.53,117680.0,120684.0
20180328,1.718,119969.0,122933.0
20180329,1.79,120206.0,122637.0
20180330,1.886,126556.0,129627.0
20180331,1.852,106548.0,109274.0
20180401,1.66,76235.0,77693.0
20180402,2.186,117509.0,119953.0
20180403,2.08,118028.0,120863.0
20180404,1.952,116483.0,119257.0
20180405,0.244,110338.0,112632.0
20180406,1.032,122997.0,126243.0
20180407,1.036,103263.0,106192.0
20180408,0.616,75929.0,76858.0
20180409,1.798,116564.0,119510.0
20180410,1.564,118424.0,122564.0
20180411,1.968,118760.0,121521.0
20180412,2.152,120511.0,123131.0
20180413,2.092,124582.0,127783.0
20180414,0.674,92385.0,94507.0
20180415,0.912,82298.0,82741.0
20180416,2.156,118033.0,121023.0
20180417,2.264,120020.0,122893.0
20180418,1.98,119113.0,122166.0
20180419,1.472,118662.0,121847.0
20180420,2.008,122581.0,126513.0
20180421,2.214,106993.0,110791.0
20180422,0.606,72293.0,72188.0
20180423,0.086,101308.0,102936.0
20180424,1.864,115956.0,118855.0
20180425,2.368,122598.0,126004.0
20180426,2.426,121315.0,124330.0
20180427,2.38,123432.0,126962.0
20180428,2.112,108647.0,111219.0
20180429,2.164,81304.0,82179.0
20180430,2.328,118769.0,121809.0
20180501,2.476,99634.0,102537.0
20180502,0.664,111189.0,113837.0
20180503,1.936,119817.0,122512.0
20180504,2.422,130189.0,134536.0
20180505,2.266,97282.0,101077.0
20180506,1.12,67898.0,67648.0
20180507,2.394,89604.0,90697.0
20180508,2.486,118335.0,121344.0
20180509,2.732,120197.0,123213.0
20180510,2.756,120872.0,123708.0
20180511,2.634,126269.0,129084.0
20180512,0.314,99154.0,101743.0
20180513,2.186,83114.0,83528.0
20180514,2.754,118883.0,122134.0
20180515,2.69,120530.0,123776.0
20180516,0.656,105309.0,108024.0
20180517,0.342,110196.0,111861.0
20180518,1.39,122750.0,126395.0
20180519,2.786,112062.0,115564.0
20180520,2.314,83267.0,84090.0
20180521,2.842,117943.0,121265.0
20180522,1.25,85738.0,88037.0
20180523,2.526,118909.0,121529.0
20180524,2.77,119645.0,121947.0
20180525,2.632,125207.0,128309.0
20180526,2.55,107857.0,110377.0
20180527,2.418,79933.0,80640.0
20180528,2.956,117081.0,119386.0
20180529,2.464,116338.0,119364.0
20180530,2.69,117293.0,120587.0
20180531,2.994,117608.0,120022.0
20180601,2.85,122106.0,125039.0
20180602,2.618,103521.0,105769.0
20180603,2.472,77156.0,77679.0
20180604,3.168,115017.0,117771.0
20180605,3.162,118356.0,121914.0
20180606,2.518,84414.0,86083.0
20180607,3.044,116469.0,118673.0
20180608,3.176,121766.0,125089.0
20180609,2.426,101370.0,104043.0
20180610,2.514,75385.0,75380.0
20180611,2.464,113785.0,116570.0
20180612,3.194,116936.0,119769.0
20180613,3.358,84045.0,85791.0
20180614,2.08,113219.0,115291.0
20180615,3.132,122671.0,126319.0
20180616,2.954,102742.0,105460.0
20180617,2.888,76209.0,76006.0
20180618,2.686,113612.0,115934.0
20180619,3.38,115057.0,117283.0
20180620,3.394,116719.0,119428.0
20180621,3.508,118398.0,120371.0
20180622,3.228,121417.0,125168.0
20180623,3.088,103927.0,106127.0
20180624,2.58,74928.0,75138.0
20180625,3.314,115283.0,117451.0
20180626,0.502,99329.0,101230.0
20180627,2.754,115439.0,117858.0
20180628,2.138,113930.0,116381.0
20180629,2.772,120560.0,123524.0
20180630,2.01,96533.0,99616.0
20180701,0.31,57844.0,57492.0
20180702,0.318,103931.0,105672.0
20180703,2.778,112811.0,115168.0
20180704,3.104,113455.0,115735.0
20180705,2.856,114016.0,116775.0
20180706,3.444,122059.0,125488.0
20180707,3.01,103558.0,106733.0
20180708,2.99,78172.0,77629.0
20180709,0.562,107818.0,110005.0
20180710,1.826,112820.0,116299.0
20180711,2.386,112639.0,115494.0
20180712,3.014,115024.0,118100.0
20180713,3.036,119935.0,124039.0
20180714,2.622,100337.0,103156.0
20180715,2.306,74913.0,74221.0
20180716,2.962,109836.0,111677.0
20180717,3.042,110818.0,112988.0
20180718,3.08,110481.0,112992.0
20180719,3.154,110919.0,113072.0
20180720,2.934,115677.0,119291.0
20180721,2.346,94166.0,96623.0
20180722,1.852,70476.0,69892.0
20180723,2.696,108467.0,110700.0
20180724,2.66,106351.0,108666.0
20180725,2.714,110492.0,113888.0
20180726,2.618,110967.0,113582.0
20180727,2.356,113559.0,117626.0
20180728,1.808,88757.0,92195.0
20180729,1.95,70970.0,70639.0
20180730,2.568,105725.0,107671.0
20180731,2.412,103921.0,106434.0
20180801,2.236,101082.0,104396.0
20180802,2.194,100481.0,102810.0
20180803,2.262,104513.0,107684.0
20180804,1.856,86809.0,88553.0
20180805,1.744,68304.0,66276.0
20180806,2.246,100821.0,102859.0
20180807,2.606,103375.0,106320.0
20180808,2.57,104862.0,106868.0
20180809,2.124,105198.0,108030.0
20180810,2.57,111795.0,116037.0
20180811,2.28,93271.0,96501.0
20180812,1.84,71694.0,71175.0
20180813,2.538,106328.0,108651.0
20180814,2.766,108545.0,112200.0
20180815,1.864,79365.0,81018.0
20180816,2.99,108327.0,110283.0
20180817,3.232,114775.0,118182.0
20180818,2.842,96506.0,99307.0
20180819,2.84,74202.0,73428.0
20180820,3.124,110604.0,112873.0
20180821,3.11,109740.0,112677.0
20180822,3.134,113719.0,116474.0
20180823,1.656,103262.0,105921.0
20180824,1.122,102565.0,105259.0
20180825,3.19,101875.0,105420.0
20180826,2.09,73402.0,73302.0
20180827,1.688,106346.0,108616.0
20180828,1.05,106476.0,109242.0
20180829,0.88,105857.0,108389.0
20180830,1.918,112121.0,114397.0
20180831,3.156,121139.0,124828.0
20180901,2.99,104050.0,107242.0
20180902,3.178,77621.0,78655.0
20180903,1.374,109196.0,111796.0
20180904,3.502,118186.0,121275.0
20180905,3.898,119574.0,122766.0
20180906,3.44,119651.0,122741.0
20180907,3.81,124723.0,128414.0
20180908,3.566,110903.0,114787.0
20180909,3.468,82372.0,83233.0
20180910,3.962,118795.0,121821.0
20180911,3.99,120829.0,124524.0
20180912,3.962,121451.0,125094.0
20180913,4.006,122650.0,125931.0
20180914,3.646,126019.0,129745.0
20180915,3.066,107517.0,110236.0
20180916,1.716,80972.0,81682.0
20180917,3.962,124101.0,128279.0
20180918,4.21,123865.0,128768.0
20180919,3.488,125732.0,130514.0
20180920,2.02,122538.0,125900.0
20180921,2.35,128995.0,133746.0
20180922,2.964,100247.0,105677.0
20180923,2.286,60418.0,63423.0
20180924,1.9,46986.0,47042.0
20180925,2.586,62099.0,60126.0
20180926,3.214,71982.0,72354.0
20180927,4.18,110757.0,113091.0
20180928,4.194,117613.0,121108.0
20180929,3.752,100260.0,102846.0
20180930,3.676,75458.0,76315.0
20181001,3.948,114262.0,117263.0
20181002,3.944,118545.0,121247.0
20181003,3.982,88292.0,90599.0
20181004,3.996,117606.0,120189.0
20181005,0.552,113010.0,115845.0
20181006,2.004,89598.0,91246.0
20181007,3.748,83712.0,84297.0
20181008,3.908,118204.0,121084.0
20181009,3.882,87195.0,88795.0
20181010,3.28,116549.0,118926.0
20181011,3.432,117559.0,119475.0
20181012,3.306,122990.0,126712.0
20181013,3.274,108074.0,110625.0
20181014,3.042,82500.0,81912.0
20181015,3.606,115405.0,118035.0
20181016,3.616,117574.0,120580.0
20181017,3.624,118171.0,121278.0
20181018,3.642,120731.0,123165.0
20181019,3.7,123566.0,126615.0
20181020,3.452,108700.0,111020.0
20181021,2.99,82394.0,82813.0
20181022,3.63,116912.0,119508.0
20181023,2.846,112338.0,115448.0
20181024,3.5,118759.0,121467.0
20181025,3.728,121639.0,124632.0
20181026,1.976,116914.0,119591.0
20181027,2.436,113018.0,115295.0
20181028,1.408,76804.0,77745.0
20181029,2.718,116691.0,119213.0
20181030,2.882,117006.0,120114.0
20181031,2.97,119839.0,122378.0
20181101,3.046,119198.0,122037.0
20181102,3.302,125277.0,128283.0
20181103,2.89,111073.0,113708.0
20181104,2.82,81327.0,81970.0
20181105,3.282,116642.0,119154.0
20181106,3.048,116808.0,119601.0
20181107,2.364,114175.0,116686.0
20181108,0.24,106817.0,108069.0
20181109,2.554,124263.0,127415.0
20181110,2.4,107478.0,110238.0
20181111,1.902,77532.0,78505.0
20181112,2.97,116565.0,118825.0
20181113,3.13,117819.0,120649.0
20181114,3.278,117815.0,120948.0
20181115,2.902,118218.0,120980.0
20181116,2.974,124234.0,126898.0
20181117,2.056,106441.0,109018.0
20181118,1.956,77713.0,79098.0
20181119,2.77,114879.0,117392.0
20181120,2.688,116954.0,119316.0
20181121,2.14,114011.0,116786.0
20181122,2.26,118101.0,120530.0
20181123,2.17,122267.0,125002.0
20181124,0.702,100101.0,102258.0
20181125,1.4,78972.0,79667.0
20181126,2.472,115351.0,118199.0
20181127,2.218,114096.0,116354.0
20181128,2.304,117267.0,119528.0
20181129,2.21,116651.0,119187.0
20181130,2.206,122536.0,125485.0
20181201,1.746,106505.0,109197.0
20181202,1.612,77849.0,78422.0
20181203,0.682,106622.0,108490.0
20181204,1.52,114719.0,117169.0
20181205,1.878,115679.0,117775.0
20181206,1.81,118593.0,121144.0
20181207,1.188,116101.0,118562.0
20181208,0.83,94569.0,96625.0
20181209,0.698,68964.0,69180.0
20181210,1.364,112267.0,114119.0
20181211,1.522,114808.0,117187.0
20181212,1.482,117443.0,119921.0
20181213,0.964,115367.0,117526.0
20181214,1.176,121252.0,123780.0
20181215,1.108,108404.0,110567.0
20181216,0.942,76240.0,76158.0
20181217,1.324,116623.0,118747.0
20181218,1.62,117639.0,119764.0
20181219,1.634,118538.0,121606.0
20181220,1.744,125693.0,128071.0
20181221,1.674,128213.0,130303.0
20181222,1.312,108694.0,111328.0
20181223,1.09,80684.0,80636.0
20181224,1.068,116265.0,118157.0
20181225,0.93,81483.0,82806.0
20181226,1.274,118739.0,121304.0
20181227,0.768,107311.0,109324.0
20181228,0.712,111135.0,112992.0
20181229,0.59,92596.0,94780.0
20181230,0.56,70929.0,71801.0
20181231,0.828,111223.0,116001.0
20190101,0.618,55708.0,54097.0
20190102,1.066,108425.0,109952.0
20190103,1.232,112841.0,114967.0
20190104,1.202,118767.0,121863.0
20190105,0.912,97997.0,100928.0
20190106,0.87,73883.0,74189.0
20190107,1.164,113374.0,115231.0
20190108,1.07,113032.0,115602.0
20190109,1.062,108145.0,110431.0
20190110,1.22,114452.0,117231.0
20190111,1.356,120899.0,124214.0
20190112,1.054,102902.0,106437.0
20190113,0.862,75601.0,75586.0
20190114,1.064,109185.0,111459.0
20190115,1.046,111490.0,114418.0
20190116,1.068,111717.0,114257.0
20190117,1.244,118053.0,120339.0
20190118,1.36,122905.0,126621.0
20190119,1.016,103421.0,106075.0
20190120,0.818,77119.0,77126.0
20190121,1.28,112647.0,114880.0
20190122,1.408,118524.0,121368.0
20190123,1.244,119052.0,121583.0
20190124,1.394,119596.0,122123.0
20190125,1.29,125727.0,129155.0
20190126,0.974,106047.0,109229.0
20190127,0.956,80601.0,80370.0
20190128,1.22,118870.0,121806.0
20190129,1.484,120282.0,123595.0
20190130,1.402,122325.0,125614.0
20190131,1.332,119953.0,123601.0
20190201,1.214,122310.0,126755.0
20190202,0.966,96640.0,102578.0
20190203,0.182,58611.0,61237.0
20190204,0.646,54179.0,56350.0
20190205,0.602,44111.0,43054.0
20190206,0.854,57691.0,57194.0
20190207,0.944,103807.0,105177.0
20190208,0.988,109908.0,111691.0
20190209,0.862,95171.0,97969.0
20190210,0.712,69692.0,69576.0
20190211,1.202,112976.0,114749.0
20190212,1.32,114568.0,116450.0
20190213,1.302,115159.0,117673.0
20190214,1.268,116949.0,119114.0
20190215,0.664,119126.0,121446.0
20190216,0.994,106185.0,108721.0
20190217,0.914,78928.0,79273.0
20190218,1.478,113722.0,115699.0
20190219,0.918,106520.0,107881.0
20190220,1.45,116196.0,119178.0
20190221,1.52,117338.0,119507.0
20190222,1.468,123848.0,125601.0
20190223,1.672,109613.0,111826.0
20190224,1.418,81090.0,81228.0
20190225,1.648,116402.0,118029.0
20190226,1.896,116761.0,119079.0
20190227,2.004,118040.0,120712.0
20190228,1.888,120367.0,124331.0
20190301,1.512,96257.0,99522.0
20190302,1.648,98481.0,99526.0
20190303,1.666,77277.0,77072.0
20190304,2.096,113757.0,116112.0
20190305,1.9,113506.0,115758.0
20190306,2.092,114779.0,116839.0
20190307,2.246,120480.0,122905.0
20190308,2.206,127296.0,129767.0
20190309,2.164,109221.0,111866.0
20190310,1.888,77928.0,79286.0
20190311,2.256,117974.0,120671.0
20190312,1.898,114482.0,116501.0
20190313,2.04,116983.0,118687.0
20190314,2.24,119971.0,121293.0
20190315,1.568,124204.0,125764.0
20190316,1.872,107407.0,109514.0
20190317,2.314,85856.0,85089.0
20190318,2.686,117967.0,120420.0
20190319,3.138,119060.0,121274.0
20190320,1.24,115552.0,117926.0
20190321,1.944,118099.0,120413.0
20190322,2.498,126034.0,127871.0
20190323,1.632,100973.0,102826.0
20190324,2.072,79202.0,80180.0
20190325,2.55,116340.0,118737.0
20190326,3.016,118480.0,121132.0
20190327,2.692,117435.0,120064.0
20190328,2.948,120191.0,122219.0
20190329,2.966,126591.0,128560.0
20190330,0.9,98851.0,100995.0
20190331,1.54,76224.0,76972.0
20190401,2.754,115937.0,118035.0
20190402,2.894,117395.0,120080.0
20190403,2.932,118385.0,120835.0
20190404,3.18,118885.0,120202.0
20190405,2.996,123733.0,126307.0
20190406,1.726,100013.0,102133.0
20190407,3.206,80655.0,82348.0
20190408,3.686,117002.0,119577.0
20190409,1.85,112925.0,115813.0
20190410,1.894,111917.0,113835.0
20190411,3.45,121715.0,124032.0
20190412,3.768,126380.0,128711.0
20190413,3.464,108462.0,110840.0
20190414,1.942,69842.0,70528.0
20190415,3.79,116737.0,118694.0
20190416,4.214,117894.0,120078.0
20190417,4.154,118938.0,121036.0
20190418,3.58,115780.0,116641.0
20190419,4.242,122403.0,124781.0
20190420,3.438,106121.0,107456.0
20190421,3.328,77487.0,77161.0
20190422,4.284,116492.0,118138.0
20190423,4.14,114776.0,116263.0
20190424,3.92,116761.0,119014.0
20190425,1.724,114584.0,116155.0
20190426,1.992,121312.0,123189.0
20190427,3.9,110999.0,113072.0
20190428,3.332,80115.0,80557.0
20190429,4.592,118002.0,120207.0
20190430,4.81,122048.0,124560.0
20190501,5.236,102969.0,105061.0
20190502,4.912,120928.0,122036.0
20190503,4.876,128206.0,128531.0
20190504,4.258,109272.0,112319.0
20190505,4.116,81389.0,80991.0
20190506,4.368,85972.0,87383.0
20190507,5.046,117383.0,119236.0
20190508,5.196,117013.0,119125.0
20190509,5.116,118787.0,120285.0
20190510,5.334,124603.0,125953.0
20190511,4.824,108740.0,109281.0
20190512,4.548,81778.0,81486.0
20190513,5.056,114816.0,116714.0
20190514,5.802,117871.0,119780.0
20190515,5.646,119820.0,121830.0
20190516,5.444,118139.0,119673.0
20190517,5.708,123540.0,124531.0
20190518,5.176,106163.0,106831.0
20190519,0.814,69246.0,69236.0
20190520,5.22,116981.0,118807.0
20190521,5.832,117340.0,119275.0
20190522,5.806,117730.0,119155.0
20190523,5.674,119025.0,119869.0
20190524,5.514,123534.0,124557.0
20190525,4.802,105874.0,107046.0
20190526,4.718,78950.0,79307.0
20190527,2.08,105411.0,106642.0
20190528,5.956,119023.0,120841.0
20190529,5.828,118485.0,120057.0
20190530,5.272,117668.0,119437.0
20190531,5.874,124603.0,126598.0
20190601,5.204,106860.0,108497.0
20190602,4.968,78601.0,78433.0
20190603,6.05,114468.0,116703.0
20190604,6.24,115036.0,116954.0
20190605,5.802,120350.0,122199.0
20190606,2.736,83662.0,85868.0
20190607,3.578,110295.0,111753.0
20190608,5.308,102193.0,103828.0
20190609,4.28,73167.0,72359.0
20190610,4.62,112008.0,113976.0
20190611,6.126,115320.0,117155.0
20190612,6.28,115246.0,117276.0
20190613,6.138,116329.0,118003.0
20190614,5.974,121359.0,123309.0
20190615,4.844,104263.0,106090.0
20190616,5.32,75664.0,75785.0
20190617,6.242,113120.0,114862.0
20190618,3.134,111373.0,113163.0
20190619,5.574,114044.0,116136.0
20190620,6.154,118481.0,119989.0
20190621,5.616,121506.0,122844.0
20190622,5.602,105736.0,106450.0
20190623,4.886,77527.0,76952.0
20190624,6.17,113335.0,114930.0
20190625,6.514,114912.0,117063.0
20190626,5.772,115926.0,118200.0
20190627,5.8,113849.0,115640.0
20190628,5.52,120814.0,122883.0
20190629,4.202,97927.0,99651.0
20190630,5.112,74968.0,74284.0
20190701,6.796,112259.0,113524.0
20190702,6.758,113462.0,115167.0
20190703,6.71,113583.0,115886.0
20190704,6.594,113661.0,115124.0
20190705,5.834,118292.0,120332.0
20190706,4.916,96686.0,98423.0
20190707,5.204,74288.0,74217.0
20190708,6.652,111903.0,113390.0
20190709,6.834,113838.0,115796.0
20190710,3.514,114350.0,116544.0
20190711,4.404,114481.0,116358.0
20190712,6.5,121215.0,123321.0
20190713,5.35,99857.0,101503.0
20190714,5.004,75392.0,74474.0
20190715,4.35,107893.0,109280.0
20190716,5.854,111408.0,113095.0
20190717,5.916,113350.0,114664.0
20190718,5.98,113932.0,115875.0
20190719,5.758,118814.0,121029.0
20190720,3.774,94424.0,96222.0
20190721,3.09,70262.0,69684.0
20190722,6.072,110950.0,112159.0
20190723,5.868,109250.0,110909.0
20190724,4.574,108670.0,110189.0
20190725,2.776,107558.0,109605.0
20190726,1.73,103889.0,105234.0
20190727,3.576,93956.0,95701.0
20190728,1.758,62642.0,62330.0
20190729,5.074,109190.0,111579.0
20190730,5.2,107258.0,109687.0
20190731,1.722,100335.0,102801.0
20190801,3.95,105397.0,107784.0
20190802,4.658,109400.0,111676.0
20190803,3.774,88023.0,89192.0
20190804,2.848,69632.0,68498.0
20190805,4.566,99849.0,100605.0
20190806,4.742,102433.0,103736.0
20190807,3.424,103047.0,104863.0
20190808,4.676,106550.0,108805.0
20190809,4.674,111647.0,113763.0
20190810,3.876,90844.0,92703.0
20190811,3.008,71017.0,70192.0
20190812,1.796,99936.0,101353.0
20190813,4.454,108205.0,109933.0
20190814,4.642,109444.0,111439.0
20190815,2.248,74067.0,75552.0
20190816,4.804,109480.0,111349.0
20190817,4.908,94777.0,96222.0
20190818,4.704,73985.0,73173.0
20190819,5.65,110383.0,112093.0
20190820,5.852,111941.0,113973.0
20190821,3.852,113458.0,114895.0
20190822,5.854,112725.0,114532.0
20190823,5.952,120692.0,122695.0
20190824,5.51,102689.0,104190.0
20190825,4.906,76281.0,75186.0
20190826,6.078,113469.0,115715.0
20190827,5.84,114541.0,116615.0
20190828,6.612,116628.0,118586.0
20190829,4.75,111473.0,113047.0
20190830,5.428,123407.0,125689.0
20190831,6.188,104452.0,107046.0
20190901,5.768,77899.0,78422.0
20190902,6.862,117962.0,120474.0
20190903,6.06,121719.0,124533.0
20190904,2.038,111387.0,113615.0
20190905,2.484,113666.0,115586.0
20190906,1.396,125889.0,128913.0
20190907,0.0,72895.0,74109.0
20190908,2.658,82041.0,84442.0
20190909,4.792,124711.0,128454.0
20190910,1.486,117524.0,121140.0
20190911,5.258,127603.0,130750.0
20190912,2.412,61863.0,64823.0
20190913,3.314,47764.0,47346.0
20190914,3.228,62408.0,61425.0
20190915,5.032,67825.0,68400.0
20190916,6.644,109040.0,111140.0
20190917,7.03,114026.0,115670.0
20190918,6.798,115766.0,117603.0
20190919,6.506,116590.0,118019.0
20190920,6.522,122781.0,123911.0
20190921,6.302,104376.0,107395.0
20190922,3.168,68309.0,68520.0
20190923,6.586,114404.0,116550.0
20190924,6.68,116032.0,117792.0
20190925,6.6,118075.0,119923.0
20190926,6.618,118372.0,120121.0
20190927,6.864,123548.0,124903.0
20190928,6.076,106789.0,107397.0
20190929,5.482,78551.0,79052.0
20190930,6.452,114928.0,117051.0
20191001,6.492,115633.0,117949.0
20191002,2.118,114425.0,115071.0
20191003,4.514,89129.0,92166.0
20191004,6.402,117987.0,119671.0
20191005,5.252,106603.0,106453.0
20191006,5.206,79056.0,79269.0
20191007,1.686,103909.0,105637.0
20191008,5.932,120439.0,122450.0
20191009,5.396,93820.0,95954.0
20191010,5.662,116479.0,118075.0
20191011,6.38,121078.0,122406.0
20191012,5.388,101667.0,102890.0
20191013,5.482,76268.0,76090.0
20191014,5.508,113425.0,116019.0
20191015,5.986,116041.0,118305.0
20191016,6.128,115687.0,117390.0
20191017,6.124,116782.0,118603.0
20191018,6.128,120623.0,122640.0
20191019,5.582,107796.0,109300.0
20191020,5.062,79663.0,79610.0
20191021,6.042,114638.0,116841.0
20191022,6.622,115543.0,117563.0
20191023,6.594,116364.0,118094.0
20191024,6.692,116724.0,118163.0
20191025,6.33,126005.0,127711.0
20191026,4.756,110439.0,112340.0
20191027,4.236,82091.0,82404.0
20191028,5.038,116559.0,119066.0
20191029,5.442,116628.0,118937.0
20191030,5.772,119014.0,121294.0
20191031,5.642,119068.0,120933.0
20191101,5.826,122748.0,124058.0
20191102,4.824,106166.0,107466.0
20191103,4.464,80167.0,80230.0
20191104,5.61,116030.0,118352.0
20191105,5.706,117600.0,119706.0
20191106,5.556,116973.0,119217.0
20191107,4.994,118378.0,120809.0
20191108,4.62,121545.0,124013.0
20191109,4.218,105315.0,106857.0
20191110,2.932,79159.0,78959.0
20191111,4.284,112858.0,114956.0
20191112,5.112,116658.0,119353.0
20191113,3.096,110522.0,112496.0
20191114,3.304,112504.0,114452.0
20191115,1.216,114168.0,115525.0
20191116,3.23,103369.0,104942.0
20191117,0.756,66582.0,66346.0
20191118,2.976,112777.0,115198.0
20191119,3.16,112310.0,113720.0
20191120,3.216,111790.0,114288.0
20191121,3.528,113883.0,116115.0
20191122,3.984,117802.0,119679.0
20191123,3.744,98677.0,101156.0
20191124,1.898,69038.0,69685.0
20191125,3.436,109999.0,111976.0
20191126,4.072,114933.0,117420.0
20191127,3.588,116743.0,119123.0
20191128,3.518,117674.0,119554.0
20191129,3.25,122611.0,124279.0
20191130,2.766,105246.0,106397.0
20191201,0.702,67415.0,67449.0
20191202,2.604,111849.0,113767.0
20191203,2.51,111556.0,113793.0
20191204,2.854,115010.0,116695.0
20191205,2.202,112335.0,113976.0
20191206,1.972,114641.0,115175.0
20191207,1.796,100901.0,102400.0
20191208,1.67,76025.0,76001.0
20191209,2.794,111366.0,113127.0
20191210,2.7,112891.0,114198.0
20191211,2.684,114025.0,116052.0
20191212,2.664,116638.0,118071.0
20191213,2.542,121953.0,123191.0
20191214,2.17,109655.0,110555.0
20191215,2.17,79063.0,79075.0
20191216,3.238,114976.0,116827.0
20191217,1.966,108674.0,110038.0
20191218,2.696,117451.0,119834.0
20191219,2.634,118249.0,119824.0
20191220,2.51,125250.0,126030.0
20191221,1.528,106409.0,107950.0
20191222,1.888,80238.0,80017.0
20191223,2.086,113992.0,115555.0
20191224,2.512,120152.0,121811.0
20191225,1.66,82112.0,83661.0
20191226,1.92,114746.0,116530.0
20191227,2.136,122959.0,124243.0
20191228,1.958,105438.0,106466.0
20191229,1.498,75224.0,75735.0
20191230,1.708,113207.0,115396.0
20191231,1.446,106146.0,109066.0
20200101,1.244,54892.0,53203.0
20200102,2.07,107165.0,108414.0
20200103,2.278,115263.0,116510.0
20200104,2.024,96731.0,98081.0
20200105,1.692,73243.0,72391.0
20200106,1.264,106961.0,108599.0
20200107,0.144,98744.0,99776.0
20200108,1.568,110124.0,112093.0
20200109,2.068,114691.0,116139.0
20200110,2.108,120561.0,121873.0
20200111,1.758,103893.0,106041.0
20200112,1.48,76418.0,76128.0
20200113,1.96,112527.0,114670.0
20200114,2.076,113340.0,115824.0
20200115,2.066,115865.0,118450.0
20200116,2.076,118243.0,120388.0
20200117,2.068,123023.0,125483.0
20200118,1.784,107406.0,109358.0
20200119,1.3,76110.0,76015.0
20200120,2.142,120064.0,122386.0
20200121,2.288,119188.0,122123.0
20200122,2.424,120082.0,122785.0
20200123,2.424,113398.0,116794.0
20200124,1.392,55501.0,57986.0
20200125,1.168,43006.0,42158.0
20200126,1.442,56285.0,54640.0
20200127,1.24,60214.0,59571.0
20200128,2.424,96524.0,97444.0
20200129,2.752,101360.0,103104.0
20200130,2.758,103073.0,104267.0
20200131,2.576,104188.0,105995.0
20200201,2.158,76724.0,77756.0
20200202,1.794,55349.0,54367.0
20200203,2.112,95537.0,96630.0
20200204,1.772,94980.0,96799.0
20200205,1.548,90563.0,91432.0
20200206,1.734,90659.0,91581.0
20200207,2.094,97456.0,98257.0
20200208,1.858,70264.0,70965.0
20200209,1.64,52454.0,52125.0
20200210,2.54,95102.0,95686.0
20200211,3.094,98125.0,99239.0
20200212,0.752,91604.0,92757.0
20200213,2.69,100066.0,101487.0
20200214,3.004,106263.0,107709.0
20200215,2.248,81769.0,82733.0
20200216,0.538,54710.0,53824.0
20200217,0.996,92874.0,93720.0
20200218,1.452,94005.0,95353.0
20200219,2.448,97203.0,98147.0
20200220,2.766,95224.0,96795.0
20200221,2.23,95057.0,95781.0
20200222,1.28,61416.0,61508.0
20200223,1.742,40953.0,40578.0
20200224,2.698,79642.0,80100.0
20200225,1.186,70741.0,71536.0
20200226,2.758,75272.0,76543.0
20200227,2.796,73878.0,75022.0
20200228,1.038,69902.0,70844.0
20200229,2.424,46518.0,47576.0
20200301,1.692,30169.0,30252.0
20200302,2.644,70333.0,71191.0
20200303,2.712,70632.0,71765.0
20200304,2.302,68959.0,69991.0
20200305,2.436,69468.0,70257.0
20200306,2.914,73602.0,75061.0
20200307,2.64,48459.0,48965.0
20200308,3.2,34131.0,34202.0
20200309,3.544,72801.0,73839.0
20200310,0.746,66632.0,67504.0
20200311,3.154,71617.0,72772.0
20200312,3.204,70312.0,70662.0
20200313,3.126,72249.0,73224.0
20200314,2.764,49215.0,49860.0
20200315,2.358,33159.0,33091.0
20200316,2.866,72410.0,73506.0
20200317,3.126,70665.0,71508.0
20200318,3.89,74374.0,75227.0
20200319,1.926,68280.0,69295.0
20200320,3.66,78314.0,79544.0
20200321,3.984,52632.0,53139.0
20200322,3.804,36566.0,36281.0
20200323,4.2,74526.0,75409.0
20200324,4.524,73952.0,75067.0
20200325,4.944,76104.0,77463.0
20200326,3.226,74059.0,75267.0
20200327,4.272,77209.0,78050.0
20200328,4.208,54579.0,55423.0
20200329,4.228,37679.0,37424.0
20200330,4.62,76237.0,76984.0
20200331,5.112,76109.0,77067.0
20200401,4.858,75275.0,76329.0
20200402,4.742,76675.0,77857.0
20200403,5.056,79612.0,80956.0
20200404,4.69,55226.0,55455.0
20200405,4.126,38314.0,38268.0
20200406,4.534,78344.0,78999.0
20200407,5.03,78101.0,78982.0
20200408,5.264,78441.0,79641.0
20200409,5.152,78940.0,80048.0
20200410,4.99,81961.0,83525.0
20200411,4.994,58145.0,58759.0
20200412,3.926,40520.0,40075.0
20200413,5.504,81237.0,82201.0
20200414,5.958,80224.0,82032.0
20200415,5.666,50951.0,51845.0
20200416,5.53,81675.0,82622.0
20200417,2.7,77975.0,78495.0
20200418,6.128,63219.0,64266.0
20200419,1.924,40693.0,40714.0
20200420,3.894,82719.0,83684.0
20200421,4.234,84700.0,85878.0
20200422,3.732,81949.0,83406.0
20200423,4.59,85432.0,86544.0
20200424,5.06,90792.0,91765.0
20200425,5.208,67031.0,68187.0
20200426,5.26,48984.0,48439.0
20200427,5.264,88896.0,90339.0
20200428,5.97,90580.0,91730.0
20200429,6.128,93123.0,94953.0
20200430,5.988,62364.0,63180.0
20200501,6.216,68705.0,70160.0
20200502,5.424,64032.0,64531.0
20200503,5.416,49513.0,49523.0
20200504,5.876,83812.0,84392.0
20200505,5.546,55703.0,56182.0
20200506,6.274,92460.0,93745.0
20200507,6.014,93887.0,95261.0
20200508,4.554,96094.0,98036.0
20200509,0.66,56079.0,56893.0
20200510,4.198,50240.0,50162.0
20200511,5.27,90817.0,91962.0
20200512,5.47,87316.0,88799.0
20200513,5.88,89610.0,90902.0
20200514,6.478,88403.0,89900.0
20200515,1.044,84071.0,85142.0
20200516,4.538,64919.0,66543.0
20200517,5.972,49336.0,49265.0
20200518,2.816,85255.0,86414.0
20200519,4.012,83864.0,84665.0
20200520,6.51,92929.0,94528.0
20200521,6.682,92229.0,93452.0
20200522,6.448,95889.0,97320.0
20200523,6.764,73232.0,75055.0
20200524,5.562,47155.0,46636.0
20200525,6.402,92785.0,94354.0
20200526,5.06,91003.0,92060.0
20200527,7.032,93056.0,94558.0
20200528,6.998,91434.0,92410.0
20200529,7.312,93710.0,94816.0
20200530,6.894,68096.0,69204.0
20200531,6.274,48692.0,48696.0
20200601,6.674,89831.0,90621.0
20200602,5.862,85471.0,86575.0
20200603,7.328,91263.0,92427.0
20200604,7.192,89892.0,91460.0
20200605,7.682,94662.0,96159.0
20200606,7.078,63504.0,64882.0
20200607,7.156,49574.0,48975.0
20200608,7.644,88390.0,89628.0
20200609,7.41,87687.0,89001.0
20200610,4.368,88708.0,90598.0
20200611,7.154,88541.0,89550.0
20200612,8.07,92891.0,94691.0
20200613,6.434,67231.0,68476.0
20200614,6.286,48677.0,48057.0
20200615,7.78,89944.0,90657.0
20200616,7.654,89054.0,90577.0
20200617,7.506,89479.0,90977.0
20200618,7.672,90158.0,91174.0
20200619,7.93,93176.0,94576.0
20200620,6.942,68061.0,69372.0
20200621,6.632,48927.0,48169.0
20200622,7.204,86791.0,87883.0
20200623,7.604,90199.0,91690.0
20200624,1.364,82483.0,83816.0
20200625,2.976,88760.0,90204.0
20200626,6.414,96500.0,98294.0
20200627,7.24,71890.0,73398.0
20200628,6.704,50773.0,50037.0
20200629,5.296,90563.0,92324.0
20200630,2.812,86954.0,87818.0
20200701,7.746,92142.0,93569.0
20200702,7.74,92472.0,94090.0
20200703,7.18,95466.0,96972.0
20200704,6.468,70462.0,72009.0
20200705,7.026,51188.0,50218.0
20200706,7.786,91314.0,92481.0
20200707,7.19,91844.0,93062.0
20200708,7.906,91464.0,92930.0
20200709,8.022,91494.0,92539.0
20200710,6.654,92677.0,93617.0
20200711,7.334,71353.0,72359.0
20200712,4.17,52209.0,51488.0
20200713,0.39,82307.0,82240.0
20200714,6.208,92650.0,94287.0
20200715,7.616,95931.0,97327.0
20200716,7.336,92675.0,93813.0
20200717,7.232,95122.0,96614.0
20200718,6.954,72266.0,73144.0
20200719,4.566,43335.0,41726.0
20200720,5.63,87354.0,87977.0
20200721,7.398,92948.0,94205.0
20200722,4.4,88164.0,88900.0
20200723,0.76,85285.0,86691.0
20200724,5.076,94603.0,95923.0
20200725,7.134,73699.0,75084.0
20200726,6.432,52886.0,52238.0
20200727,3.908,88351.0,89066.0
20200728,4.408,90993.0,92129.0
20200729,2.544,83819.0,85163.0
20200730,6.736,90692.0,92149.0
20200731,7.02,95155.0,96812.0
20200801,2.652,60433.0,61335.0
20200802,0.912,39904.0,39370.0
20200803,1.314,74130.0,74754.0
20200804,3.838,80967.0,81852.0
20200805,2.196,81159.0,79849.0
20200806,3.924,84686.0,85176.0
20200807,6.078,94768.0,95924.0
20200808,3.398,68637.0,70053.0
20200809,1.034,38455.0,37470.0
20200810,1.59,86299.0,87591.0
20200811,3.95,84777.0,85936.0
20200812,6.108,92387.0,93881.0
20200813,5.998,91267.0,92646.0
20200814,5.378,91202.0,93181.0
20200815,2.058,56506.0,57874.0
20200816,4.596,49078.0,49240.0
20200817,5.44,60219.0,61613.0
20200818,6.196,82131.0,83243.0
20200819,6.54,78817.0,79432.0
20200820,6.386,78006.0,78751.0
20200821,5.828,78072.0,79663.0
20200822,2.628,49701.0,50791.0
20200823,5.482,37499.0,36995.0
20200824,6.734,75628.0,76681.0
20200825,6.694,76649.0,77691.0
20200826,3.04,73942.0,75697.0
20200827,2.374,67386.0,68491.0
20200828,4.892,75220.0,76983.0
20200829,2.668,46948.0,47744.0
20200830,3.254,32560.0,32652.0
20200831,6.51,72599.0,74197.0
20200901,6.526,70374.0,72103.0
20200902,1.07,66405.0,67724.0
20200903,5.364,67067.0,68394.0
20200904,7.498,77872.0,80171.0
20200905,7.086,53538.0,55236.0
20200906,3.646,35797.0,35802.0
20200907,0.268,63855.0,65455.0
20200908,7.024,77852.0,79384.0
20200909,5.316,75491.0,76967.0
20200910,7.396,78217.0,79815.0
20200911,4.896,81346.0,83278.0
20200912,3.146,54604.0,56236.0
20200913,7.338,41407.0,41948.0
20200914,7.496,83426.0,84947.0
20200915,8.17,84830.0,86935.0
20200916,6.442,80675.0,82431.0
20200917,8.116,85713.0,87460.0
20200918,8.948,90429.0,92010.0
20200919,8.092,67055.0,69122.0
20200920,7.248,47883.0,48073.0
20200921,8.168,89165.0,91156.0
20200922,8.038,91076.0,92874.0
20200923,7.826,90704.0,92776.0
20200924,8.356,90608.0,92590.0
20200925,8.152,95373.0,97260.0
20200926,8.118,71803.0,73888.0
20200927,7.354,51862.0,52747.0
20200928,7.622,94944.0,97433.0
20200929,7.876,92616.0,94781.0
20200930,4.854,44352.0,44410.0
20201001,5.274,25129.0,24965.0
20201002,4.816,33144.0,33408.0
20201003,5.756,44443.0,44271.0
20201004,5.796,40471.0,41517.0
20201005,6.12,84913.0,86216.0
20201006,7.168,87348.0,88675.0
20201007,7.424,88782.0,89857.0
20201008,7.674,92693.0,93741.0
20201009,6.892,64076.0,64996.0
20201010,6.862,66993.0,67172.0
20201011,6.184,48750.0,48592.0
20201012,7.09,91739.0,92910.0
20201013,7.3,93382.0,94723.0
20201014,6.898,92978.0,94179.0
20201015,6.984,93184.0,94551.0
20201016,6.876,95787.0,96693.0
20201017,6.782,76205.0,77149.0
20201018,6.212,54009.0,53881.0
20201019,6.88,91225.0,92307.0
20201020,7.394,95234.0,96499.0
20201021,7.25,94138.0,95272.0
20201022,6.854,93652.0,94914.0
20201023,6.038,99237.0,100355.0
20201024,5.692,77606.0,78587.0
20201025,5.494,57586.0,56855.0
20201026,6.832,94233.0,95493.0
20201027,7.14,97040.0,97384.0
20201028,7.192,95790.0,96809.0
20201029,6.994,95684.0,97146.0
20201030,6.662,100318.0,101518.0
20201031,6.306,78533.0,79239.0
20201101,2.508,48558.0,47734.0
20201102,6.742,94937.0,96094.0
20201103,5.19,94435.0,94863.0
20201104,5.586,93477.0,93804.0
20201105,6.262,96344.0,96655.0
20201106,6.834,98869.0,99121.0
20201107,5.924,78499.0,79400.0
20201108,4.77,58165.0,57673.0
20201109,6.012,93323.0,93389.0
20201110,6.368,96148.0,96998.0
20201111,6.684,96557.0,97208.0
20201112,6.712,96988.0,97746.0
20201113,6.824,95055.0,95125.0
20201114,5.938,75521.0,76499.0
20201115,5.368,55500.0,54714.0
20201116,6.73,92957.0,93728.0
20201117,6.308,93105.0,93320.0
20201118,3.208,89787.0,89842.0
20201119,2.764,82397.0,81945.0
20201120,4.714,95855.0,92792.0
20201121,4.67,67844.0,68729.0
20201122,2.828,45338.0,44545.0
20201123,4.456,87765.0,87895.0
20201124,4.782,85779.0,86509.0
20201125,4.8,87324.0,87883.0
20201126,5.038,85669.0,86459.0
20201127,4.748,85461.0,86834.0
20201128,3.05,56853.0,57630.0
20201129,2.638,40606.0,40446.0
20201130,3.852,81100.0,82188.0
20201201,4.186,81298.0,82681.0
20201202,4.386,82578.0,83852.0
20201203,3.992,81349.0,82497.0
20201204,3.984,83722.0,84984.0
20201205,3.408,56762.0,58151.0
20201206,3.006,40159.0,40331.0
20201207,3.682,79982.0,81092.0
20201208,3.712,76222.0,77034.0
20201209,3.916,77044.0,77991.0
20201210,4.18,77462.0,78361.0
20201211,4.244,80023.0,81249.0
20201212,3.244,54498.0,55466.0
20201213,1.124,31682.0,31523.0
20201214,2.08,68844.0,69658.0
20201215,2.146,68205.0,68809.0
20201216,2.136,68595.0,69397.0
20201217,2.462,71002.0,71993.0
20201218,2.522,76925.0,78156.0
20201219,1.884,48363.0,49160.0
20201220,1.834,33112.0,33314.0
20201221,2.946,73347.0,74690.0
20201222,3.306,73710.0,75009.0
20201223,3.382,74591.0,75754.0
20201224,3.164,76120.0,77320.0
20201225,2.164,38978.0,39689.0
20201226,2.77,46178.0,46997.0
20201227,2.604,32624.0,32591.0
20201228,3.588,75713.0,77007.0
20201229,3.054,75061.0,76821.0
20201230,1.812,67663.0,68635.0
20201231,2.018,69000.0,69674.0
20210101,1.65,24538.0,24651.0
20210102,1.906,41136.0,41951.0
20210103,1.854,31795.0,32386.0
20210104,2.716,76327.0,77660.0
20210105,2.372,75130.0,76166.0
20210106,1.832,72758.0,74523.0
20210107,0.5,69172.0,68813.0
20210108,0.822,66499.0,67230.0
20210109,0.944,45449.0,46292.0
20210110,1.0,32459.0,32453.0
20210111,1.756,74022.0,74941.0
20210112,1.134,81562.0,82022.0
20210113,1.666,78897.0,80062.0
20210114,2.66,82709.0,84213.0
20210115,2.618,81385.0,82251.0
20210116,1.988,59063.0,60310.0
20210117,1.702,37805.0,37790.0
20210118,1.672,78034.0,78936.0
20210119,2.366,76136.0,77309.0
20210120,3.062,86198.0,87217.0
20210121,1.378,82389.0,83670.0
20210122,2.908,84994.0,85893.0
20210123,3.226,63825.0,65175.0
20210124,3.694,43593.0,44076.0
20210125,4.354,87176.0,88540.0
20210126,2.182,81284.0,82351.0
20210127,3.588,90378.0,91872.0
20210128,1.944,80785.0,81907.0
20210129,2.174,79906.0,80414.0
20210130,2.146,63894.0,65186.0
20210131,3.012,46384.0,46758.0
20210201,3.476,88661.0,90300.0
20210202,2.796,85051.0,86814.0
20210203,2.71,90389.0,92196.0
20210204,1.82,85067.0,86279.0
20210205,3.26,94243.0,96086.0
20210206,3.24,69846.0,71762.0
20210207,2.714,49500.0,50271.0
20210208,2.852,91390.0,93269.0
20210209,3.438,92230.0,93647.0
20210210,3.6,89288.0,90691.0
20210211,2.842,40358.0,41249.0
20210212,2.738,23658.0,23897.0
20210213,3.706,38082.0,38235.0
20210214,3.364,38430.0,39094.0
20210215,2.772,79952.0,80733.0
20210216,1.984,81509.0,82179.0
20210217,2.022,78763.0,79441.0
20210218,2.51,80840.0,81440.0
20210219,3.514,90103.0,91505.0
20210220,4.582,69119.0,70537.0
20210221,5.126,48956.0,48670.0
20210222,4.498,89314.0,90117.0
20210223,3.712,87856.0,88470.0
20210224,4.416,88789.0,89762.0
20210225,4.548,87652.0,88542.0
20210226,5.126,90955.0,91759.0
20210227,5.648,70535.0,71888.0
20210228,4.644,51720.0,51261.0
20210301,0.322,40147.0,39926.0
20210302,4.208,88137.0,88446.0
20210303,5.154,89919.0,90797.0
20210304,5.366,89662.0,90229.0
20210305,6.098,94867.0,95200.0
20210306,4.59,71047.0,72351.0
20210307,5.252,51690.0,51806.0
20210308,5.786,89359.0,90193.0
20210309,5.812,91129.0,91489.0
20210310,6.298,90929.0,91723.0
20210311,5.89,90465.0,91052.0
20210312,5.428,92866.0,93444.0
20210313,5.976,72180.0,73689.0
20210314,5.518,51883.0,51641.0
20210315,5.94,89803.0,90586.0
20210316,5.818,90901.0,91518.0
20210317,6.284,91750.0,92812.0
20210318,6.992,92622.0,93424.0
20210319,7.658,97552.0,97947.0
20210320,2.346,63456.0,64479.0
20210321,4.364,53562.0,53707.0
20210322,5.948,90872.0,91796.0
20210323,6.65,92267.0,92815.0
20210324,7.064,92263.0,93184.0
20210325,7.394,93937.0,94915.0
20210326,7.596,99151.0,100089.0
20210327,1.646,66365.0,67439.0
20210328,2.424,45675.0,45773.0
20210329,6.116,91031.0,92265.0
20210330,7.796,93251.0,94121.0
20210331,8.488,93370.0,94541.0
20210401,8.896,92334.0,93797.0
20210402,8.382,97297.0,98039.0
20210403,1.236,57990.0,58975.0
20210404,6.442,53230.0,53777.0
20210405,8.166,92836.0,93780.0
20210406,8.91,93473.0,94217.0
20210407,8.566,91191.0,91775.0
20210408,8.032,93015.0,93878.0
20210409,8.496,97122.0,98240.0
20210410,7.666,75134.0,76439.0
20210411,7.658,55132.0,54462.0
20210412,2.386,84973.0,85853.0
20210413,6.298,90128.0,91105.0
20210414,7.65,90783.0,91957.0
20210415,8.292,92908.0,93345.0
20210416,6.608,90293.0,90741.0
20210417,5.144,69964.0,71407.0
20210418,7.162,53636.0,53293.0
20210419,8.368,90528.0,91019.0
20210420,8.498,92232.0,93054.0
20210421,9.12,91569.0,92487.0
20210422,8.894,90986.0,91300.0
20210423,8.862,94605.0,95591.0
20210424,8.46,72495.0,73675.0
20210425,8.612,53301.0,52844.0
20210426,9.326,91458.0,91866.0
20210427,7.974,90402.0,91456.0
20210428,8.604,91275.0,91753.0
20210429,8.144,91298.0,91675.0
20210430,6.348,94281.0,95226.0
20210501,3.014,66078.0,67382.0
20210502,7.848,55191.0,54792.0
20210503,9.37,93622.0,94342.0
20210504,2.172,85833.0,86807.0
20210505,8.32,63280.0,64167.0
20210506,8.946,93796.0,94174.0
20210507,6.78,92684.0,92787.0
20210508,5.456,64930.0,66298.0
20210509,7.846,53223.0,52549.0
20210510,7.794,87896.0,88451.0
20210511,10.048,93498.0,93986.0
20210512,10.058,92781.0,93356.0
20210513,10.236,92734.0,93007.0
20210514,9.876,96854.0,97772.0
20210515,2.904,67799.0,69532.0
20210516,0.218,39837.0,39106.0
20210517,4.974,86294.0,86683.0
20210518,9.858,96330.0,97414.0
20210519,9.448,65568.0,66176.0
20210520,5.488,89022.0,89136.0
20210521,6.058,93115.0,93706.0
20210522,9.218,75478.0,76896.0
20210523,8.37,53731.0,52941.0
20210524,9.524,91192.0,91723.0
20210525,7.382,90213.0,90888.0
20210526,9.358,92733.0,93734.0
20210527,5.878,85497.0,85304.0
20210528,6.328,90173.0,90530.0
20210529,4.902,71339.0,72325.0
20210530,6.366,55255.0,55214.0
20210531,8.674,90158.0,90429.0
20210601,8.192,89549.0,90475.0
20210602,10.086,90889.0,91439.0
20210603,3.542,85143.0,85752.0
20210604,9.88,96590.0,99490.0
20210605,8.624,74531.0,75446.0
20210606,8.376,53146.0,52362.0
20210607,9.402,88795.0,89353.0
20210608,10.22,90091.0,90762.0
20210609,9.82,89226.0,90162.0
20210610,6.588,91095.0,91985.0
20210611,9.162,91600.0,92274.0
20210612,8.188,70962.0,72686.0
20210613,7.234,51362.0,50480.0
20210614,9.712,88421.0,88954.0
20210615,7.832,87784.0,87972.0
20210616,10.862,91404.0,92196.0
20210617,9.114,92231.0,92970.0
20210618,6.65,91402.0,91888.0
20210619,8.602,75257.0,76305.0
20210620,8.296,54237.0,53522.0
20210621,10.7,93030.0,93392.0
20210622,9.77,91602.0,92298.0
20210623,9.848,91554.0,92273.0
20210624,9.408,92855.0,92975.0
20210625,10.44,98164.0,99324.0
20210626,7.588,72309.0,73093.0
20210627,6.936,54557.0,54419.0
20210628,9.082,90372.0,91242.0
20210629,8.034,91250.0,92167.0
20210630,9.28,90350.0,91229.0
20210701,10.31,92354.0,93271.0
20210702,9.88,96648.0,97633.0
20210703,3.946,68478.0,70246.0
20210704,2.556,42997.0,41670.0
20210705,10.232,92758.0,93570.0
20210706,10.606,92566.0,93382.0
20210707,9.21,89343.0,90689.0
20210708,9.158,86716.0,87420.0
20210709,10.536,90176.0,91459.0
20210710,8.424,62339.0,64049.0
20210711,6.198,42259.0,41712.0
20210712,9.89,79464.0,79796.0
20210713,9.756,79497.0,80120.0
20210714,9.744,78012.0,78725.0
20210715,7.556,77327.0,78169.0
20210716,9.07,81519.0,82474.0
20210717,7.276,57254.0,59207.0
20210718,7.392,41702.0,40925.0
20210719,8.518,78903.0,79802.0
20210720,9.962,80570.0,81344.0
20210721,9.106,77880.0,78394.0
20210722,9.044,76090.0,76193.0
20210723,9.042,80293.0,81477.0
20210724,7.12,55367.0,56343.0
20210725,6.21,40159.0,39497.0
20210726,8.96,78215.0,78927.0
20210727,8.922,77397.0,78214.0
20210728,8.77,77137.0,77795.0
20210729,8.672,76744.0,77674.0
20210730,8.79,79383.0,80677.0
20210731,6.774,55510.0,57528.0
20210801,3.536,40685.0,40203.0
20210802,7.51,74417.0,74406.0
20210803,9.148,74849.0,75113.0
20210804,9.338,74102.0,74595.0
20210805,9.054,77010.0,77733.0
20210806,9.08,79097.0,80056.0
20210807,8.254,58684.0,60385.0
20210808,6.246,43063.0,42539.0
20210809,10.128,80773.0,81367.0
20210810,10.214,80515.0,81453.0
20210811,10.108,78977.0,79612.0
20210812,7.534,79360.0,80115.0
20210813,10.404,82478.0,84302.0
20210814,8.988,61647.0,63486.0
20210815,8.684,45799.0,45107.0
20210816,9.068,57978.0,58721.0
20210817,6.456,82242.0,82750.0
20210818,9.176,80719.0,81570.0
20210819,10.918,83058.0,84002.0
20210820,10.458,86811.0,88060.0
20210821,2.778,51931.0,53379.0
20210822,7.818,48002.0,47516.0
20210823,4.032,80580.0,81273.0
20210824,2.99,78019.0,78565.0
20210825,9.276,84748.0,85770.0
20210826,9.242,85954.0,86761.0
20210827,6.692,85233.0,86196.0
20210828,9.304,68702.0,70763.0
20210829,8.588,49493.0,48334.0
20210830,11.016,87352.0,87186.0
20210831,2.262,79001.0,80014.0
20210901,8.796,83716.0,84334.0
20210902,11.172,87752.0,88015.0
20210903,11.348,91505.0,91538.0
20210904,10.02,71127.0,71210.0
20210905,9.676,52273.0,50871.0
20210906,6.21,88300.0,87908.0
20210907,1.2,77611.0,76894.0
20210908,10.618,90466.0,90129.0
20210909,11.708,91153.0,91108.0
20210910,10.932,94157.0,93900.0
20210911,9.524,74687.0,74743.0
20210912,9.192,54790.0,53534.0
20210913,11.012,91431.0,92479.0
20210914,10.83,92263.0,93824.0
20210915,11.14,93943.0,95722.0
20210916,11.15,96738.0,97631.0
20210917,11.102,96461.0,97603.0
20210918,9.008,72293.0,73448.0
20210919,7.336,54062.0,54453.0
20210920,6.532,40538.0,40439.0
20210921,5.268,25401.0,26063.0
20210922,7.758,37663.0,39320.0
20210923,10.958,79766.0,79717.0
20210924,11.068,85763.0,86223.0
20210925,9.788,65619.0,66577.0
20210926,9.248,48647.0,48133.0
20210927,9.72,86308.0,86887.0
20210928,7.084,85256.0,86104.0
20210929,4.564,79157.0,78957.0
20210930,11.298,88514.0,88702.0
20211001,10.488,91432.0,92160.0
20211002,9.494,69899.0,70815.0
20211003,8.944,52908.0,52583.0
20211004,5.814,59147.0,59772.0
20211005,8.41,85952.0,86624.0
20211006,5.912,82551.0,82676.0
20211007,8.638,86591.0,86780.0
20211008,5.58,89083.0,89908.0
20211009,7.942,69239.0,69851.0
20211010,2.682,47410.0,46897.0
20211011,8.218,65291.0,65769.0
20211012,9.666,88895.0,88111.0
20211013,10.522,90026.0,89501.0
20211014,10.668,90474.0,89747.0
20211015,9.474,91966.0,91304.0
20211016,6.428,73452.0,73400.0
20211017,5.36,51662.0,50189.0
20211018,6.642,86771.0,85946.0
20211019,7.852,87319.0,86994.0
20211020,8.754,91278.0,91665.0
20211021,8.864,91193.0,91941.0
20211022,9.138,95705.0,96676.0
20211023,7.322,76656.0,77890.0
20211024,6.806,56283.0,56252.0
20211025,8.548,92492.0,93652.0
20211026,9.44,93255.0,94412.0
20211027,9.492,93340.0,94000.0
20211028,9.684,93630.0,94092.0
20211029,9.604,96984.0,97904.0
20211030,7.766,77021.0,77927.0
20211031,6.486,58279.0,58345.0
20211101,9.248,92318.0,92318.0
20211102,9.898,93099.0,93099.0
20211103,9.942,94226.0,94226.0
20211104,9.596,93448.0,93448.0
20211105,9.91,98531.0,98531.0
20211106,8.254,80869.0,80869.0
20211107,7.628,60737.0,60737.0
20211108,1.958,82254.0,82254.0
20211109,3.654,87663.0,87663.0
20211110,6.594,92146.0,92146.0
20211111,7.1,94662.0,94662.0
20211112,7.024,97168.0,97168.0
20211113,6.212,81574.0,81574.0
20211114,6.496,57593.0,57593.0
20211115,8.186,91265.0,91265.0
20211116,8.266,91910.0,91910.0
20211117,8.166,93565.0,93565.0
20211118,7.828,91400.0,91400.0
20211119,8.288,97301.0,97301.0
20211120,6.54,77308.0,77308.0
20211121,5.12,56695.0,56695.0
20211122,5.7,89674.0,89674.0
20211123,5.7,88371.0,88371.0
20211124,6.636,90057.0,90057.0
20211125,6.834,93879.0,93879.0
20211126,6.27,96230.0,96230.0
20211127,5.17,76164.0,76164.0
20211128,5.1,57377.0,57377.0
20211129,7.214,90575.0,90575.0
20211130,2.326,80730.0,80730.0
20211201,4.854,87217.0,87687.0
20211202,4.94,88869.0,88883.0
20211203,5.55,93519.0,93289.0
20211204,4.492,71696.0,72568.0
20211205,4.478,53786.0,53115.0
20211206,6.586,86817.0,87635.0
20211207,7.09,88456.0,88850.0
20211208,7.01,88194.0,88699.0
20211209,6.898,88137.0,88426.0
20211210,5.5,89530.0,89047.0
20211211,5.094,69520.0,70090.0
20211212,3.454,51548.0,50617.0
20211213,5.174,81738.0,81814.0
20211214,4.564,84970.0,85566.0
20211215,4.932,85934.0,86505.0
20211216,6.286,87934.0,88418.0
20211217,3.74,87924.0,87432.0
20211218,1.79,64189.0,65094.0
20211219,1.682,50212.0,49341.0
20211220,4.868,88016.0,88074.0
20211221,5.618,89262.0,89983.0
20211222,5.612,90363.0,90976.0
20211223,5.69,91839.0,92136.0
20211224,4.028,94498.0,95192.0
20211225,1.474,53788.0,54177.0
20211226,1.378,42464.0,41824.0
20211227,3.416,80882.0,80708.0
20211228,3.89,86623.0,87303.0
20211229,3.524,90105.0,91072.0
20211230,3.574,88939.0,90310.0
20211231,3.21,85976.0,86691.0
